-- phpMyAdmin SQL Dump
-- version 4.8.5
-- https://www.phpmyadmin.net/
--
-- Servidor: 127.0.0.1
-- Tiempo de generación: 13-10-2022 a las 21:03:15
-- Versión del servidor: 10.1.38-MariaDB
-- Versión de PHP: 7.3.2

SET SQL_MODE = "NO_AUTO_VALUE_ON_ZERO";
SET AUTOCOMMIT = 0;
START TRANSACTION;
SET time_zone = "+00:00";


/*!40101 SET @OLD_CHARACTER_SET_CLIENT=@@CHARACTER_SET_CLIENT */;
/*!40101 SET @OLD_CHARACTER_SET_RESULTS=@@CHARACTER_SET_RESULTS */;
/*!40101 SET @OLD_COLLATION_CONNECTION=@@COLLATION_CONNECTION */;
/*!40101 SET NAMES utf8mb4 */;

--
-- Base de datos: `db_tiendavirtual`
--

-- --------------------------------------------------------

--
-- Estructura de tabla para la tabla `categoria`
--

CREATE TABLE `categoria` (
  `idcategoria` bigint(20) NOT NULL,
  `nombre` varchar(100) COLLATE utf8mb4_swedish_ci NOT NULL,
  `descripcion` text COLLATE utf8mb4_swedish_ci NOT NULL,
  `datecreated` datetime NOT NULL DEFAULT CURRENT_TIMESTAMP,
  `status` int(11) NOT NULL DEFAULT '1'
) ENGINE=InnoDB DEFAULT CHARSET=utf8mb4 COLLATE=utf8mb4_swedish_ci;

-- --------------------------------------------------------

--
-- Estructura de tabla para la tabla `detalle_pedido`
--

CREATE TABLE `detalle_pedido` (
  `id` bigint(20) NOT NULL,
  `pedidoid` bigint(20) NOT NULL,
  `productoid` bigint(20) NOT NULL,
  `precio` decimal(11,2) NOT NULL,
  `cantidad` int(11) NOT NULL
) ENGINE=InnoDB DEFAULT CHARSET=utf8mb4 COLLATE=utf8mb4_swedish_ci;

-- --------------------------------------------------------

--
-- Estructura de tabla para la tabla `detalle_temp`
--

CREATE TABLE `detalle_temp` (
  `id` bigint(20) NOT NULL,
  `productoid` bigint(20) NOT NULL,
  `precio` decimal(11,2) NOT NULL,
  `cantidad` int(11) NOT NULL,
  `token` varchar(100) COLLATE utf8mb4_swedish_ci NOT NULL
) ENGINE=InnoDB DEFAULT CHARSET=utf8mb4 COLLATE=utf8mb4_swedish_ci;

-- --------------------------------------------------------

--
-- Estructura de tabla para la tabla `modulo`
--

CREATE TABLE `modulo` (
  `idmodulo` bigint(20) NOT NULL,
  `titulo` varchar(50) COLLATE utf8mb4_swedish_ci NOT NULL,
  `descripcion` text COLLATE utf8mb4_swedish_ci NOT NULL,
  `status` int(11) NOT NULL DEFAULT '1'
) ENGINE=InnoDB DEFAULT CHARSET=utf8mb4 COLLATE=utf8mb4_swedish_ci;

--
-- Volcado de datos para la tabla `modulo`
--

INSERT INTO `modulo` (`idmodulo`, `titulo`, `descripcion`, `status`) VALUES
(1, 'Dashboard', 'Dashboard', 1),
(2, 'Usuarios', 'Usuarios del sistema', 1),
(3, 'Clientes', 'Clientes de tienda', 1),
(4, 'Productos', 'Todos los productos', 1),
(5, 'Pedidos', 'Pedidos', 1),
(6, 'Categoria', 'Categoría Productos', 1);

-- --------------------------------------------------------

--
-- Estructura de tabla para la tabla `pedido`
--

CREATE TABLE `pedido` (
  `idpedido` bigint(20) NOT NULL,
  `personaid` bigint(20) NOT NULL,
  `fecha` datetime NOT NULL DEFAULT CURRENT_TIMESTAMP,
  `monto` decimal(11,2) NOT NULL,
  `tipopagoid` bigint(20) NOT NULL,
  `status` int(11) NOT NULL DEFAULT '1'
) ENGINE=InnoDB DEFAULT CHARSET=utf8mb4 COLLATE=utf8mb4_swedish_ci;

-- --------------------------------------------------------

--
-- Estructura de tabla para la tabla `permisos`
--

CREATE TABLE `permisos` (
  `idpermiso` bigint(20) NOT NULL,
  `rolid` bigint(20) NOT NULL,
  `moduloid` bigint(20) NOT NULL,
  `r` int(11) NOT NULL DEFAULT '0',
  `w` int(11) NOT NULL DEFAULT '0',
  `u` int(11) NOT NULL DEFAULT '0',
  `d` int(11) NOT NULL DEFAULT '0'
) ENGINE=InnoDB DEFAULT CHARSET=utf8mb4 COLLATE=utf8mb4_swedish_ci;

--
-- Volcado de datos para la tabla `permisos`
--

INSERT INTO `permisos` (`idpermiso`, `rolid`, `moduloid`, `r`, `w`, `u`, `d`) VALUES
(61, 4, 1, 0, 0, 0, 0),
(62, 4, 2, 0, 0, 0, 0),
(63, 4, 3, 1, 1, 1, 0),
(64, 4, 4, 0, 0, 0, 0),
(65, 4, 5, 0, 0, 0, 0),
(77, 11, 3, 0, 0, 0, 1),
(78, 11, 5, 0, 0, 0, 0),
(79, 11, 1, 1, 0, 0, 0),
(80, 11, 1, 1, 0, 0, 0),
(81, 11, 4, 0, 0, 0, 0),
(82, 11, 2, 0, 1, 1, 0),
(83, 11, 2, 0, 1, 1, 0),
(84, 11, 5, 0, 0, 0, 0),
(85, 11, 3, 0, 0, 0, 1),
(86, 11, 3, 0, 0, 0, 1),
(87, 11, 4, 0, 0, 0, 0),
(88, 11, 4, 0, 0, 0, 0),
(89, 11, 5, 0, 0, 0, 0),
(90, 11, 5, 0, 0, 0, 0),
(162, 3, 1, 1, 0, 0, 0),
(163, 3, 2, 0, 0, 0, 0),
(164, 3, 3, 0, 0, 0, 0),
(165, 3, 4, 0, 0, 0, 0),
(166, 3, 5, 0, 0, 0, 0),
(167, 3, 6, 0, 0, 0, 0),
(426, 2, 1, 1, 0, 0, 0),
(427, 2, 2, 1, 1, 1, 1),
(428, 2, 3, 0, 0, 0, 0),
(429, 2, 4, 0, 0, 0, 0),
(430, 2, 5, 0, 0, 0, 0),
(431, 2, 6, 0, 0, 0, 0),
(438, 1, 1, 1, 0, 0, 0),
(439, 1, 2, 1, 1, 1, 1),
(440, 1, 3, 1, 1, 1, 1),
(441, 1, 4, 1, 0, 0, 0),
(442, 1, 5, 1, 0, 0, 0),
(443, 1, 6, 1, 0, 0, 0);

-- --------------------------------------------------------

--
-- Estructura de tabla para la tabla `persona`
--

CREATE TABLE `persona` (
  `idpersona` bigint(20) NOT NULL,
  `identificacion` varchar(30) COLLATE utf8mb4_swedish_ci NOT NULL,
  `nombres` varchar(80) COLLATE utf8mb4_swedish_ci NOT NULL,
  `apellidos` varchar(100) COLLATE utf8mb4_swedish_ci NOT NULL,
  `telefono` bigint(20) NOT NULL,
  `email_user` varchar(100) COLLATE utf8mb4_swedish_ci NOT NULL,
  `password` varchar(75) COLLATE utf8mb4_swedish_ci NOT NULL,
  `nit` varchar(20) COLLATE utf8mb4_swedish_ci NOT NULL,
  `nombrefiscal` varchar(80) COLLATE utf8mb4_swedish_ci NOT NULL,
  `direccionfiscal` varchar(100) COLLATE utf8mb4_swedish_ci NOT NULL,
  `token` varchar(200) COLLATE utf8mb4_swedish_ci NOT NULL,
  `rolid` bigint(20) NOT NULL,
  `datecreated` datetime NOT NULL DEFAULT CURRENT_TIMESTAMP,
  `status` int(11) NOT NULL DEFAULT '1'
) ENGINE=InnoDB DEFAULT CHARSET=utf8mb4 COLLATE=utf8mb4_swedish_ci;

--
-- Volcado de datos para la tabla `persona`
--

INSERT INTO `persona` (`idpersona`, `identificacion`, `nombres`, `apellidos`, `telefono`, `email_user`, `password`, `nit`, `nombrefiscal`, `direccionfiscal`, `token`, `rolid`, `datecreated`, `status`) VALUES
(1, '7897987987', 'Benjamin', 'Gracia', 246196675, 'benja@info.com', '8d969eef6ecad3c29a3a629280e686cf0c3f5d5a86aff3ca12020c923adc6c92', '3533', 'Benja', 'utpx san lonrenzo', '', 1, '2020-08-13 00:51:44', 1),
(2, '565656sd', 'Julio Villasd', 'Cuatepotzowe', 5656565, 'julio56522@info.com', '8d969eef6ecad3c29a3a629280e686cf0c3f5d5a86aff3ca12020c923adc6c92', '', '', '', '', 2, '2020-08-13 00:54:08', 1),
(3, '879846545454', 'Pablo', 'Arana', 784858856, 'pablo@info.com', '8d969eef6ecad3c29a3a629280e686cf0c3f5d5a86aff3ca12020c923adc6c92', '', '', '', '', 3, '2020-08-14 01:42:34', 2),
(4, '65465465', 'Jorge', 'Arana', 987846545, 'jorge@info.com', '8bb0cf6eb9b17d0f7d22b456f121257dc1254e1f01665370476383ea776df414', '', '', '', '', 3, '2020-08-22 00:27:17', 1),
(5, '4654654', 'Carme', 'Arana', 646545645, 'carmen@infom.com', 'be63ad947e82808780278e044bcd0267a6ac6b3cd1abdb107cc10b445a182eb0', '', '', '', '', 1, '2020-08-22 00:35:04', 1),
(6, '8465484', 'Alex', 'Jimenez', 333333, 'alex@info.com', '8bb0cf6eb9b17d0f7d22b456f121257dc1254e1f01665370476383ea776df414', '111114545', 'Alex Flores', 'Avenida Zacatelco', '', 2, '2020-08-22 00:48:50', 1),
(7, '333', 'Eden', 'Flores Carreto', 2461966795, 'eden.flores.1234@gmail.com', 'a594fd41737a1cb22e514a2a62cd136760994e46556b72fa4b26aa626ab1773e', '', '', '', '', 1, '2022-09-27 12:36:02', 1),
(12, '1223', 'Alex', 'Gonzalez', 224444444, 'alexgoga@gmail.com', '8d969eef6ecad3c29a3a629280e686cf0c3f5d5a86aff3ca12020c923adc6c92', '', '', '', '', 1, '2022-10-10 09:04:50', 1),
(13, '5555', 'Cars', 'Perez', 232323, 'car@gmail.com', '8d969eef6ecad3c29a3a629280e686cf0c3f5d5a86aff3ca12020c923adc6c92', '', '', '', '', 1, '2022-10-10 13:29:00', 1),
(14, '343434', 'Edede', 'Sffsf', 46464, 'benha@info.com', 'a1fb4e703a9ef1fa4936801721ff285a97ac85330856674412e054892afe6972', '1235', 'benja', 'me', '', 7, '2022-10-12 10:52:05', 1),
(15, '1323232', 'Javier', 'Sanchez', 232323, 'javi@gmail.com', '8d969eef6ecad3c29a3a629280e686cf0c3f5d5a86aff3ca12020c923adc6c92', '121212', 'Javier', 'Zacatelco', '', 7, '2022-10-13 12:40:40', 1),
(16, '23232', 'Andy', 'To', 22326, 'andy@gmail.com', '8d969eef6ecad3c29a3a629280e686cf0c3f5d5a86aff3ca12020c923adc6c92', 'dede', 'Andyt', 'ocotlan', '', 7, '2022-10-13 12:42:21', 1),
(17, '232323', 'VITC', 'Torres', 23232, 'vico@gamail.com', '8d969eef6ecad3c29a3a629280e686cf0c3f5d5a86aff3ca12020c923adc6c92', 'CF', 'vitod', 'utxl', '', 7, '2022-10-13 13:01:18', 1),
(18, '77777', 'EdedeDEDE', 'EDEDE', 23232, 'aaaaa@gmail.com', '0177ff8cc29c4dc5fdd5f361e8264a22bdc4bc04a9b8071e586b84ebeb57d3b6', '23232', 'dadd', 'jjj', '', 7, '2022-10-13 13:04:42', 1),
(19, '6454', 'Ximena', 'Vergara', 2384578, 'xime@gmai.com', '8d969eef6ecad3c29a3a629280e686cf0c3f5d5a86aff3ca12020c923adc6c92', '777', 'XimenaVC', 'La Aurora', '', 7, '2022-10-13 13:09:42', 1),
(20, '236236989', 'EDSDSD', 'Shsdhshdhs', 939953848, 'edemmm@gmail.com', 'df87446018e917a875dc05b40637d78e09877e98bf975d61774b80b7042b9236', '34343', 'deeded', 'mexico', '', 7, '2022-10-13 13:53:13', 1);

-- --------------------------------------------------------

--
-- Estructura de tabla para la tabla `producto`
--

CREATE TABLE `producto` (
  `idproducto` bigint(20) NOT NULL,
  `categoriaid` bigint(20) NOT NULL,
  `codigo` varchar(30) COLLATE utf8mb4_swedish_ci NOT NULL,
  `nombre` varchar(100) COLLATE utf8mb4_swedish_ci NOT NULL,
  `descripcion` text COLLATE utf8mb4_swedish_ci NOT NULL,
  `precio` decimal(11,2) NOT NULL,
  `stock` int(11) NOT NULL,
  `imagen` varchar(100) COLLATE utf8mb4_swedish_ci NOT NULL,
  `datecreated` datetime NOT NULL DEFAULT CURRENT_TIMESTAMP,
  `status` int(11) NOT NULL DEFAULT '1'
) ENGINE=InnoDB DEFAULT CHARSET=utf8mb4 COLLATE=utf8mb4_swedish_ci;

-- --------------------------------------------------------

--
-- Estructura de tabla para la tabla `rol`
--

CREATE TABLE `rol` (
  `idrol` bigint(20) NOT NULL,
  `nombrerol` varchar(50) COLLATE utf8mb4_swedish_ci NOT NULL,
  `descripcion` text COLLATE utf8mb4_swedish_ci NOT NULL,
  `status` int(11) NOT NULL DEFAULT '1'
) ENGINE=InnoDB DEFAULT CHARSET=utf8mb4 COLLATE=utf8mb4_swedish_ci;

--
-- Volcado de datos para la tabla `rol`
--

INSERT INTO `rol` (`idrol`, `nombrerol`, `descripcion`, `status`) VALUES
(1, 'Administrador', 'Acceso a todo el sistema', 1),
(2, 'Supervisores', 'Supervisor de tienda', 1),
(3, 'Vendedores', 'Acceso a módulo ventas', 1),
(4, 'Servicio al cliente', 'Servicio al cliente sistema', 1),
(5, 'Bodega', 'Bodega', 1),
(6, 'Resporteria', 'Resporteria Sistema', 2),
(7, 'Cliente', 'Clientes tienda', 2),
(8, 'Ejemplo rol', 'Ejemplo rol sitema', 0),
(9, 'Coordinador', 'Coordinador', 0),
(10, 'Consulta Ventas', 'Consulta Ventas', 0),
(11, 'sersdd', 'control', 0);

--
-- Índices para tablas volcadas
--

--
-- Indices de la tabla `categoria`
--
ALTER TABLE `categoria`
  ADD PRIMARY KEY (`idcategoria`);

--
-- Indices de la tabla `detalle_pedido`
--
ALTER TABLE `detalle_pedido`
  ADD PRIMARY KEY (`id`),
  ADD KEY `pedidoid` (`pedidoid`),
  ADD KEY `productoid` (`productoid`);

--
-- Indices de la tabla `detalle_temp`
--
ALTER TABLE `detalle_temp`
  ADD PRIMARY KEY (`id`),
  ADD KEY `productoid` (`productoid`);

--
-- Indices de la tabla `modulo`
--
ALTER TABLE `modulo`
  ADD PRIMARY KEY (`idmodulo`);

--
-- Indices de la tabla `pedido`
--
ALTER TABLE `pedido`
  ADD PRIMARY KEY (`idpedido`),
  ADD KEY `personaid` (`personaid`);

--
-- Indices de la tabla `permisos`
--
ALTER TABLE `permisos`
  ADD PRIMARY KEY (`idpermiso`),
  ADD KEY `rolid` (`rolid`),
  ADD KEY `moduloid` (`moduloid`);

--
-- Indices de la tabla `persona`
--
ALTER TABLE `persona`
  ADD PRIMARY KEY (`idpersona`),
  ADD KEY `rolid` (`rolid`);

--
-- Indices de la tabla `producto`
--
ALTER TABLE `producto`
  ADD PRIMARY KEY (`idproducto`),
  ADD KEY `categoriaid` (`categoriaid`);

--
-- Indices de la tabla `rol`
--
ALTER TABLE `rol`
  ADD PRIMARY KEY (`idrol`);

--
-- AUTO_INCREMENT de las tablas volcadas
--

--
-- AUTO_INCREMENT de la tabla `categoria`
--
ALTER TABLE `categoria`
  MODIFY `idcategoria` bigint(20) NOT NULL AUTO_INCREMENT;

--
-- AUTO_INCREMENT de la tabla `detalle_pedido`
--
ALTER TABLE `detalle_pedido`
  MODIFY `id` bigint(20) NOT NULL AUTO_INCREMENT;

--
-- AUTO_INCREMENT de la tabla `detalle_temp`
--
ALTER TABLE `detalle_temp`
  MODIFY `id` bigint(20) NOT NULL AUTO_INCREMENT;

--
-- AUTO_INCREMENT de la tabla `modulo`
--
ALTER TABLE `modulo`
  MODIFY `idmodulo` bigint(20) NOT NULL AUTO_INCREMENT, AUTO_INCREMENT=7;

--
-- AUTO_INCREMENT de la tabla `pedido`
--
ALTER TABLE `pedido`
  MODIFY `idpedido` bigint(20) NOT NULL AUTO_INCREMENT;

--
-- AUTO_INCREMENT de la tabla `permisos`
--
ALTER TABLE `permisos`
  MODIFY `idpermiso` bigint(20) NOT NULL AUTO_INCREMENT, AUTO_INCREMENT=444;

--
-- AUTO_INCREMENT de la tabla `persona`
--
ALTER TABLE `persona`
  MODIFY `idpersona` bigint(20) NOT NULL AUTO_INCREMENT, AUTO_INCREMENT=21;

--
-- AUTO_INCREMENT de la tabla `producto`
--
ALTER TABLE `producto`
  MODIFY `idproducto` bigint(20) NOT NULL AUTO_INCREMENT;

--
-- AUTO_INCREMENT de la tabla `rol`
--
ALTER TABLE `rol`
  MODIFY `idrol` bigint(20) NOT NULL AUTO_INCREMENT, AUTO_INCREMENT=12;

--
-- Restricciones para tablas volcadas
--

--
-- Filtros para la tabla `detalle_pedido`
--
ALTER TABLE `detalle_pedido`
  ADD CONSTRAINT `detalle_pedido_ibfk_1` FOREIGN KEY (`pedidoid`) REFERENCES `pedido` (`idpedido`) ON DELETE CASCADE ON UPDATE CASCADE,
  ADD CONSTRAINT `detalle_pedido_ibfk_2` FOREIGN KEY (`productoid`) REFERENCES `producto` (`idproducto`) ON DELETE CASCADE ON UPDATE CASCADE;

--
-- Filtros para la tabla `detalle_temp`
--
ALTER TABLE `detalle_temp`
  ADD CONSTRAINT `detalle_temp_ibfk_1` FOREIGN KEY (`productoid`) REFERENCES `producto` (`idproducto`) ON DELETE CASCADE ON UPDATE CASCADE;

--
-- Filtros para la tabla `pedido`
--
ALTER TABLE `pedido`
  ADD CONSTRAINT `pedido_ibfk_1` FOREIGN KEY (`personaid`) REFERENCES `persona` (`idpersona`) ON DELETE CASCADE ON UPDATE CASCADE;

--
-- Filtros para la tabla `permisos`
--
ALTER TABLE `permisos`
  ADD CONSTRAINT `permisos_ibfk_1` FOREIGN KEY (`rolid`) REFERENCES `rol` (`idrol`) ON DELETE CASCADE ON UPDATE CASCADE,
  ADD CONSTRAINT `permisos_ibfk_2` FOREIGN KEY (`moduloid`) REFERENCES `modulo` (`idmodulo`) ON DELETE CASCADE ON UPDATE CASCADE;

--
-- Filtros para la tabla `persona`
--
ALTER TABLE `persona`
  ADD CONSTRAINT `persona_ibfk_1` FOREIGN KEY (`rolid`) REFERENCES `rol` (`idrol`) ON DELETE CASCADE ON UPDATE CASCADE;

--
-- Filtros para la tabla `producto`
--
ALTER TABLE `producto`
  ADD CONSTRAINT `producto_ibfk_1` FOREIGN KEY (`categoriaid`) REFERENCES `categoria` (`idcategoria`) ON DELETE CASCADE ON UPDATE CASCADE;
COMMIT;

/*!40101 SET CHARACTER_SET_CLIENT=@OLD_CHARACTER_SET_CLIENT */;
/*!40101 SET CHARACTER_SET_RESULTS=@OLD_CHARACTER_SET_RESULTS */;
/*!40101 SET COLLATION_CONNECTION=@OLD_COLLATION_CONNECTION */;
