-- phpMyAdmin SQL Dump
-- version 4.7.0
-- https://www.phpmyadmin.net/
--
-- Servidor: 127.0.0.1
-- Tiempo de generación: 24-10-2022 a las 18:40:33
-- Versión del servidor: 10.1.25-MariaDB
-- Versión de PHP: 7.1.7

SET SQL_MODE = "NO_AUTO_VALUE_ON_ZERO";
SET AUTOCOMMIT = 0;
START TRANSACTION;
SET time_zone = "+00:00";


/*!40101 SET @OLD_CHARACTER_SET_CLIENT=@@CHARACTER_SET_CLIENT */;
/*!40101 SET @OLD_CHARACTER_SET_RESULTS=@@CHARACTER_SET_RESULTS */;
/*!40101 SET @OLD_COLLATION_CONNECTION=@@COLLATION_CONNECTION */;
/*!40101 SET NAMES utf8mb4 */;

--
-- Base de datos: `tivi`
--

-- --------------------------------------------------------

--
-- Estructura de tabla para la tabla `categoria`
--

CREATE TABLE `categoria` (
  `idcategoria` bigint(20) NOT NULL,
  `nombre` varchar(100) COLLATE utf8mb4_swedish_ci NOT NULL,
  `descripcion` text COLLATE utf8mb4_swedish_ci NOT NULL,
  `portada` varchar(100) COLLATE utf8mb4_swedish_ci NOT NULL,
  `datecreated` datetime NOT NULL DEFAULT CURRENT_TIMESTAMP,
  `status` int(11) NOT NULL DEFAULT '1'
) ENGINE=InnoDB DEFAULT CHARSET=utf8mb4 COLLATE=utf8mb4_swedish_ci;

--
-- Volcado de datos para la tabla `categoria`
--

INSERT INTO `categoria` (`idcategoria`, `nombre`, `descripcion`, `portada`, `datecreated`, `status`) VALUES
(1, 'Categoría 1', 'Lo mejor en moda', 'img_0ce077b9efe2173615d168de4f97e3e6.jpg', '2020-10-23 03:14:08', 1),
(2, 'Categoría 22', 'Descripcion categoría 22', 'img_4e8f0e7adfee19d9a5d000caff0b4cc8.jpg', '2020-10-23 03:17:26', 1),
(3, 'Categoría 3', 'Descripción categoría 3', 'img_6cf5809017146d523ce286381b22de44.jpg', '2020-10-23 03:17:42', 1),
(4, 'Categoría 4', 'Ejemplo categoría', 'img_a939c8d8ca5784159a43d0d82b80582d.jpg', '2020-10-28 03:45:12', 1),
(5, 'Categoría 5', 'Ejemplo descripción', 'img_51eb01f37a4d58a7870b505412a3a0ab.jpg', '2020-10-30 03:05:09', 0),
(6, 'Electrodomesticos', 'Electrodomesticos', 'portada_categoria.png', '2020-11-14 00:21:15', 1),
(7, 'Categoria ejemplo', 'Descripción categoría ejemplo', 'portada_categoria.png', '2020-12-05 22:38:27', 1),
(8, 'Caterogía 20', 'Descripción', 'portada_categoria.png', '2020-12-05 23:00:16', 1),
(9, 'tecnologia', 'TECNO', 'img_d8a707efd18b5b7d3b224d06c8abb3a9.jpg', '2022-10-21 09:19:58', 1);

-- --------------------------------------------------------

--
-- Estructura de tabla para la tabla `detalle_pedido`
--

CREATE TABLE `detalle_pedido` (
  `id` bigint(20) NOT NULL,
  `pedidoid` bigint(20) NOT NULL,
  `productoid` bigint(20) NOT NULL,
  `precio` decimal(11,2) NOT NULL,
  `cantidad` int(11) NOT NULL
) ENGINE=InnoDB DEFAULT CHARSET=utf8mb4 COLLATE=utf8mb4_swedish_ci;

-- --------------------------------------------------------

--
-- Estructura de tabla para la tabla `detalle_temp`
--

CREATE TABLE `detalle_temp` (
  `id` bigint(20) NOT NULL,
  `productoid` bigint(20) NOT NULL,
  `precio` decimal(11,2) NOT NULL,
  `cantidad` int(11) NOT NULL,
  `token` varchar(100) COLLATE utf8mb4_swedish_ci NOT NULL
) ENGINE=InnoDB DEFAULT CHARSET=utf8mb4 COLLATE=utf8mb4_swedish_ci;

-- --------------------------------------------------------

--
-- Estructura de tabla para la tabla `imagen`
--

CREATE TABLE `imagen` (
  `id` bigint(20) NOT NULL,
  `productoid` bigint(20) NOT NULL,
  `img` varchar(100) COLLATE utf8mb4_swedish_ci NOT NULL
) ENGINE=InnoDB DEFAULT CHARSET=utf8mb4 COLLATE=utf8mb4_swedish_ci;

--
-- Volcado de datos para la tabla `imagen`
--

INSERT INTO `imagen` (`id`, `productoid`, `img`) VALUES
(3, 3, 'pro_e702903506bd14ecc0e5645cc8a308d2.jpg'),
(4, 3, 'pro_c3abd10d62fa7b01e8dfd61e18118913.jpg'),
(5, 4, 'pro_3e64800e9336055a0a58b69fdad32048.jpg'),
(6, 5, 'pro_bd7592482a91f4531d8a10ab3d815945.jpg'),
(7, 5, 'pro_d8444581afca144189dcfa8303dd58ee.jpg'),
(8, 7, 'pro_1abf3c3c00b89188b25e324dc39d6f62.jpg'),
(10, 8, 'pro_e0c8f0211ec0cf449278010dcbd64da6.jpg'),
(11, 8, 'pro_b4c0c0e77f29cbc207bd1f8bbeb30e02.jpg'),
(12, 7, 'pro_50458020b4d9ac78098be1649bcad5a8.jpg'),
(14, 11, 'pro_5802755121274b0cbbda36bf38c092ad.jpg'),
(15, 11, 'pro_eeee4bcb5506c339c9559516826fe210.jpg'),
(18, 11, 'pro_f8a44f51efc78deb0097061a40c59505.jpg'),
(19, 11, 'pro_1760ac6e2d06a8db91284d93afe7bedb.jpg'),
(20, 9, 'pro_039d34d9e739c8cecd0c17b817a99488.jpg'),
(21, 12, 'pro_039d34d9e739c8cecd0c17b817a99488.jpg'),
(22, 13, 'pro_6dc737515cfbf1445419d4cadcff23ee.jpg');

-- --------------------------------------------------------

--
-- Estructura de tabla para la tabla `modulo`
--

CREATE TABLE `modulo` (
  `idmodulo` bigint(20) NOT NULL,
  `titulo` varchar(50) COLLATE utf8mb4_swedish_ci NOT NULL,
  `descripcion` text COLLATE utf8mb4_swedish_ci NOT NULL,
  `status` int(11) NOT NULL DEFAULT '1'
) ENGINE=InnoDB DEFAULT CHARSET=utf8mb4 COLLATE=utf8mb4_swedish_ci;

--
-- Volcado de datos para la tabla `modulo`
--

INSERT INTO `modulo` (`idmodulo`, `titulo`, `descripcion`, `status`) VALUES
(1, 'Dashboard', 'Dashboard', 1),
(2, 'Usuarios', 'Usuarios del sistema', 1),
(3, 'Clientes', 'Clientes de tienda', 1),
(4, 'Productos', 'Todos los productos', 1),
(5, 'Pedidos', 'Pedidos', 1),
(6, 'Caterogías', 'Caterogías Productos', 1);

-- --------------------------------------------------------

--
-- Estructura de tabla para la tabla `pedido`
--

CREATE TABLE `pedido` (
  `idpedido` bigint(20) NOT NULL,
  `personaid` bigint(20) NOT NULL,
  `fecha` datetime NOT NULL DEFAULT CURRENT_TIMESTAMP,
  `monto` decimal(11,2) NOT NULL,
  `tipopagoid` bigint(20) NOT NULL,
  `status` int(11) NOT NULL DEFAULT '1'
) ENGINE=InnoDB DEFAULT CHARSET=utf8mb4 COLLATE=utf8mb4_swedish_ci;

-- --------------------------------------------------------

--
-- Estructura de tabla para la tabla `permisos`
--

CREATE TABLE `permisos` (
  `idpermiso` bigint(20) NOT NULL,
  `rolid` bigint(20) NOT NULL,
  `moduloid` bigint(20) NOT NULL,
  `r` int(11) NOT NULL DEFAULT '0',
  `w` int(11) NOT NULL DEFAULT '0',
  `u` int(11) NOT NULL DEFAULT '0',
  `d` int(11) NOT NULL DEFAULT '0'
) ENGINE=InnoDB DEFAULT CHARSET=utf8mb4 COLLATE=utf8mb4_swedish_ci;

--
-- Volcado de datos para la tabla `permisos`
--

INSERT INTO `permisos` (`idpermiso`, `rolid`, `moduloid`, `r`, `w`, `u`, `d`) VALUES
(350, 2, 1, 1, 0, 0, 0),
(351, 2, 2, 0, 0, 0, 0),
(352, 2, 3, 0, 0, 0, 0),
(353, 2, 4, 0, 0, 0, 0),
(354, 2, 5, 0, 0, 0, 0),
(355, 2, 6, 0, 0, 0, 0),
(596, 3, 1, 1, 0, 0, 0),
(597, 3, 2, 0, 0, 0, 0),
(598, 3, 3, 0, 0, 0, 0),
(599, 3, 4, 0, 0, 0, 0),
(600, 3, 5, 0, 0, 0, 0),
(601, 3, 6, 0, 0, 0, 0),
(602, 1, 1, 1, 0, 0, 0),
(603, 1, 2, 1, 1, 1, 1),
(604, 1, 3, 1, 1, 1, 1),
(605, 1, 4, 1, 1, 1, 1),
(606, 1, 5, 1, 1, 1, 1),
(607, 1, 6, 1, 1, 1, 1);

-- --------------------------------------------------------

--
-- Estructura de tabla para la tabla `persona`
--

CREATE TABLE `persona` (
  `idpersona` bigint(20) NOT NULL,
  `identificacion` varchar(30) COLLATE utf8mb4_swedish_ci NOT NULL,
  `nombres` varchar(80) COLLATE utf8mb4_swedish_ci NOT NULL,
  `apellidos` varchar(100) COLLATE utf8mb4_swedish_ci NOT NULL,
  `telefono` bigint(20) NOT NULL,
  `email_user` varchar(100) COLLATE utf8mb4_swedish_ci NOT NULL,
  `password` varchar(75) COLLATE utf8mb4_swedish_ci NOT NULL,
  `nit` varchar(20) COLLATE utf8mb4_swedish_ci NOT NULL,
  `nombrefiscal` varchar(80) COLLATE utf8mb4_swedish_ci NOT NULL,
  `direccionfiscal` varchar(100) COLLATE utf8mb4_swedish_ci NOT NULL,
  `token` varchar(100) COLLATE utf8mb4_swedish_ci NOT NULL,
  `rolid` bigint(20) NOT NULL,
  `datecreated` datetime NOT NULL DEFAULT CURRENT_TIMESTAMP,
  `status` int(11) NOT NULL DEFAULT '1'
) ENGINE=InnoDB DEFAULT CHARSET=utf8mb4 COLLATE=utf8mb4_swedish_ci;

--
-- Volcado de datos para la tabla `persona`
--

INSERT INTO `persona` (`idpersona`, `identificacion`, `nombres`, `apellidos`, `telefono`, `email_user`, `password`, `nit`, `nombrefiscal`, `direccionfiscal`, `token`, `rolid`, `datecreated`, `status`) VALUES
(1, '1931116308', 'Victor Ignacio', 'Perez Garcia', 2464577299, 'zankaha99@gmail.com', '8bb0cf6eb9b17d0f7d22b456f121257dc1254e1f01665370476383ea776df414', '1931116308', 'Stockhaussen', 'YIFHGJ', '', 1, '2020-08-13 00:51:44', 1),
(2, '131313131313', 'Carlos', 'Hernández', 121212121, 'carlos@info.com', '8d969eef6ecad3c29a3a629280e686cf0c3f5d5a86aff3ca12020c923adc6c92', '', '', '', '2c52a34f7988a0afc63e-dfe4badca8d2cb2b93e6-94824d050567a0ccd851-56165c5603c4ca020', 2, '2020-08-13 00:54:08', 1),
(3, '879846545454', 'Pablo', 'Arana', 784858856, 'pablo@info.com', '8d969eef6ecad3c29a3a629280e686cf0c3f5d5a86aff3ca12020c923adc6c92', '', '', '', '', 3, '2020-08-14 01:42:34', 0),
(4, '65465465', 'Jorge David', 'Arana', 987846545, 'jorge@info.com', '8d969eef6ecad3c29a3a629280e686cf0c3f5d5a86aff3ca12020c923adc6c92', '', '', '', '', 1, '2020-08-22 00:27:17', 1),
(5, '4654654', 'Carme Elena', 'Arana', 12121221, 'carmen@infom.com', 'be63ad947e82808780278e044bcd0267a6ac6b3cd1abdb107cc10b445a182eb0', '', '', '', '', 2, '2020-08-22 00:35:04', 1),
(6, '8465484', 'Alex Fernando', 'Méndez', 222222222, 'alex@info.com', '8d969eef6ecad3c29a3a629280e686cf0c3f5d5a86aff3ca12020c923adc6c92', '', '', '', '', 3, '2020-08-22 00:48:50', 1),
(7, '54684987', 'Francisco', 'Herrera', 6654456545, 'francisco@info.com', '8d969eef6ecad3c29a3a629280e686cf0c3f5d5a86aff3ca12020c923adc6c92', '', '', '', '', 2, '2020-08-22 01:55:57', 1),
(8, '54646849844', 'Axel Gudiel', 'Vela', 654687454, 'axel@info.com', '993fdea29acd1f7c6a6423c038601b175bb282382fc85b306a85f134fff4a63e', '', '', '', '', 3, '2020-09-07 01:30:52', 1),
(9, '46548454', 'Alan', 'Arenales', 45687954, 'alan@info.com', 'dc4e32154482eff8c1a2061374a0fc2ca40fbf9b893197e949c79be535b06b23', 'CF', 'Alan', 'Ciudad', '', 7, '2020-10-11 01:30:23', 1),
(10, '89898989', 'Mary', 'Arana', 232323, 'mary@info.com', '959b633150ca56bdbe8eefb0b510d720ec00714fc3f6160832dd2ae0c0a0611b', 'CF', 'Marta Cardona', 'Ciudad de Guatemala', '', 7, '2020-10-11 01:43:30', 1),
(11, '54789656458', 'Joel Eduardo', 'Cabrera', 54124528, 'joel@joel.com', '96cae35ce8a9b0244178bf28e4966c2ce1b8385723a96a6b838858cdd6ca0a1e', 'CF', 'Joel Eduardo', 'Antigua Guatemala', '', 7, '2020-10-11 01:44:30', 1),
(12, '56874654', 'Pablo', 'Herrera', 65468464, 'pabloh@info.com', '7213f0b87347be4a36e70f9a9eeca3dfc48da72c6ef346871e36e6d53c5572c1', 'CF', 'Pablo', 'Antigua Guatemala', '', 7, '2020-10-11 01:59:45', 0),
(13, '46584645', 'Elena', 'Rosales', 46876454, 'elena123@info.com', '8d969eef6ecad3c29a3a629280e686cf0c3f5d5a86aff3ca12020c923adc6c92', '', '', '', '', 7, '2020-12-03 04:23:40', 1),
(14, '654654654547', 'Alexa', 'Cardona', 487546878, 'alexa@info.com', '74d7f333ede0080c542c95522969be8dbc5a127d4cd3b1f765944e318f087bec', '', '', '', '', 2, '2020-12-04 01:49:58', 1),
(15, '6546546545', 'Alan', 'Estrada', 464564564, 'aaaa@info.com', '739ed90c2e5568537d3b3e37550d467e8469a9c2efee57b8ea0faf50bc54f8a2', '', '', '', '', 2, '2020-12-04 02:45:37', 1),
(16, '65465465478', 'Jorge', 'Mendoza', 6545644, 'jmendoza@info.com', '8d969eef6ecad3c29a3a629280e686cf0c3f5d5a86aff3ca12020c923adc6c92', 'CF', 'Jorge Mendoza', 'Ciudad', '', 2, '2020-12-05 01:58:08', 1),
(17, '65465455', 'Jorge', 'Mendoza', 6545644, 'jjjj@info.com', '8d969eef6ecad3c29a3a629280e686cf0c3f5d5a86aff3ca12020c923adc6c92', 'CF', 'Jorge Mendoza', 'Ciudad', '', 2, '2020-12-05 01:59:25', 1),
(18, '46584654711', 'Arnold', 'Gutierrez', 78465454, 'arnold@info.com', '8d969eef6ecad3c29a3a629280e686cf0c3f5d5a86aff3ca12020c923adc6c92', 'CF', 'Arnold', 'Ciudad', '', 7, '2020-12-05 02:02:31', 1),
(19, '64894654', 'Julieta', 'Estrada', 4654564, 'julieta@info.com', 'b6602f58690ca41488e97cd28153671356747c951c55541b6c8d8b8493eb7143', 'CF', 'Julieta', 'Ciudad', '', 7, '2020-12-05 02:22:30', 1),
(20, '214356', 'Weghb', 'Qweyru', 123456, 'asfas@sac.com', 'be1b82146d3a248e9bd3fc985ce4bf9c039601e7516c5d0a74d492ae161dcb03', '', '', '', '', 1, '2022-10-24 09:49:03', 0);

-- --------------------------------------------------------

--
-- Estructura de tabla para la tabla `producto`
--

CREATE TABLE `producto` (
  `idproducto` bigint(20) NOT NULL,
  `categoriaid` bigint(20) NOT NULL,
  `codigo` varchar(30) COLLATE utf8mb4_swedish_ci NOT NULL,
  `nombre` varchar(100) COLLATE utf8mb4_swedish_ci NOT NULL,
  `descripcion` text COLLATE utf8mb4_swedish_ci NOT NULL,
  `precio` decimal(11,2) NOT NULL,
  `stock` int(11) NOT NULL,
  `imagen` varchar(100) COLLATE utf8mb4_swedish_ci NOT NULL,
  `datecreated` datetime NOT NULL DEFAULT CURRENT_TIMESTAMP,
  `status` int(11) NOT NULL DEFAULT '1'
) ENGINE=InnoDB DEFAULT CHARSET=utf8mb4 COLLATE=utf8mb4_swedish_ci;

--
-- Volcado de datos para la tabla `producto`
--

INSERT INTO `producto` (`idproducto`, `categoriaid`, `codigo`, `nombre`, `descripcion`, `precio`, `stock`, `imagen`, `datecreated`, `status`) VALUES
(1, 1, '45684545', 'Producto 1', '<p>vkjjvvjvjvv</p>', '200.00', 10, '', '2020-11-15 00:57:57', 1),
(2, 3, '465456465', 'Producto 1', '<p>Descripci&oacute;n producto</p> <ul> <li>Uno</li> <li>Dos</li> </ul>', '110.00', 10, '', '2020-11-15 03:13:35', 1),
(3, 1, '4654654', 'Producto Uno', '<p>Descripci&oacute;n producto uno</p> <table style=\"border-collapse: collapse; width: 100%;\" border=\"1\"> <tbody> <tr> <td style=\"width: 48.0244%;\">N&uacute;mero</td> <td style=\"width: 48.022%;\">Descripc&iacute;&oacute;n</td> </tr> <tr> <td style=\"width: 48.0244%;\">Uno</td> <td style=\"width: 48.022%;\">Peque&ntilde;o</td> </tr> <tr> <td style=\"width: 48.0244%;\">Dos</td> <td style=\"width: 48.022%;\">Mediano</td> </tr> <tr> <td style=\"width: 48.0244%;\">Tres</td> <td style=\"width: 48.022%;\">Grande</td> </tr> </tbody> </table>', '200.00', 50, '', '2020-11-15 03:19:15', 1),
(4, 1, '45654654', 'Producto 4', '<p>Descripci&oacute; producto</p>', '50.00', 0, '', '2020-11-23 02:59:44', 1),
(5, 1, '6546546545', 'Producto 5', '<p>Aqu&iacute; va la descripci&oacute;n del producto</p> <ul> <li>Grande</li> <li>Peque&ntilde;o</li> <li>Mediano</li> </ul>', '1000.00', 10, '', '2020-11-23 03:22:35', 1),
(6, 2, '646546547877', 'Producto 6', '<p>Descripci&oacute;n producto seis</p> <ul> <li>Uno</li> <li>Dos</li> <li>Tres</li> </ul> <p>&nbsp;</p>', '50.00', 10, '', '2020-11-23 03:38:55', 1),
(7, 1, '65465454', 'Producto 7', '<p>Datos del producto</p>', '100.00', 10, '', '2020-11-23 03:39:59', 0),
(8, 1, '6546545', 'Producto 8', '<p>Descripc&iacute;on</p>', '50.00', 10, '', '2020-11-23 03:43:29', 1),
(9, 1, '8232398', 'fsfk sdkfj', '<p>gfsfsd</p>', '234.00', 123, '', '2020-12-01 12:52:33', 2),
(10, 1, '654546544', 'Producto 10', '<p>Descripc&oacute;n</p>', '100.00', 0, '', '2020-12-02 03:52:09', 0),
(11, 1, '1931116308', 'Ps2', '<p>Descripcipci&oacute;n producto prueba</p> <ul> <li>Uno</li> <li>Dos</li> <li>Tres</li> </ul> <p>&nbsp;</p>', '50.00', 10, '', '2020-12-06 02:30:02', 1),
(12, 7, '986532', 'ps3', '<p>ps3</p>', '89.00', 5, '', '2022-10-21 09:08:22', 0),
(13, 1, '2532523', '423523', '<p>wrwerwe</p>', '24.00', 12, '', '2022-10-24 09:00:18', 1);

-- --------------------------------------------------------

--
-- Estructura de tabla para la tabla `rol`
--

CREATE TABLE `rol` (
  `idrol` bigint(20) NOT NULL,
  `nombrerol` varchar(50) COLLATE utf8mb4_swedish_ci NOT NULL,
  `descripcion` text COLLATE utf8mb4_swedish_ci NOT NULL,
  `status` int(11) NOT NULL DEFAULT '1'
) ENGINE=InnoDB DEFAULT CHARSET=utf8mb4 COLLATE=utf8mb4_swedish_ci;

--
-- Volcado de datos para la tabla `rol`
--

INSERT INTO `rol` (`idrol`, `nombrerol`, `descripcion`, `status`) VALUES
(1, 'Administrador', 'Acceso a todo el sistema', 1),
(2, 'Supervisores', 'Supervisor de tienda', 1),
(3, 'Vendedores', 'Acceso a módulo ventas', 1),
(4, 'Servicio al cliente', 'Servicio al cliente sistema', 1),
(5, 'Bodega', 'Bodega', 1),
(6, 'Resporteria', 'Resporteria Sistema', 2),
(7, 'Cliente', 'Clientes tienda', 1),
(8, 'Ejemplo rol', 'Ejemplo rol sitema', 1),
(9, 'Coordinador', 'Coordinador', 1),
(10, 'Consulta Ventas', 'Consulta Ventas', 1);

--
-- Índices para tablas volcadas
--

--
-- Indices de la tabla `categoria`
--
ALTER TABLE `categoria`
  ADD PRIMARY KEY (`idcategoria`);

--
-- Indices de la tabla `detalle_pedido`
--
ALTER TABLE `detalle_pedido`
  ADD PRIMARY KEY (`id`),
  ADD KEY `pedidoid` (`pedidoid`),
  ADD KEY `productoid` (`productoid`);

--
-- Indices de la tabla `detalle_temp`
--
ALTER TABLE `detalle_temp`
  ADD PRIMARY KEY (`id`),
  ADD KEY `productoid` (`productoid`);

--
-- Indices de la tabla `imagen`
--
ALTER TABLE `imagen`
  ADD PRIMARY KEY (`id`),
  ADD KEY `productoid` (`productoid`);

--
-- Indices de la tabla `modulo`
--
ALTER TABLE `modulo`
  ADD PRIMARY KEY (`idmodulo`);

--
-- Indices de la tabla `pedido`
--
ALTER TABLE `pedido`
  ADD PRIMARY KEY (`idpedido`),
  ADD KEY `personaid` (`personaid`);

--
-- Indices de la tabla `permisos`
--
ALTER TABLE `permisos`
  ADD PRIMARY KEY (`idpermiso`),
  ADD KEY `rolid` (`rolid`),
  ADD KEY `moduloid` (`moduloid`);

--
-- Indices de la tabla `persona`
--
ALTER TABLE `persona`
  ADD PRIMARY KEY (`idpersona`),
  ADD KEY `rolid` (`rolid`);

--
-- Indices de la tabla `producto`
--
ALTER TABLE `producto`
  ADD PRIMARY KEY (`idproducto`),
  ADD KEY `categoriaid` (`categoriaid`);

--
-- Indices de la tabla `rol`
--
ALTER TABLE `rol`
  ADD PRIMARY KEY (`idrol`);

--
-- AUTO_INCREMENT de las tablas volcadas
--

--
-- AUTO_INCREMENT de la tabla `categoria`
--
ALTER TABLE `categoria`
  MODIFY `idcategoria` bigint(20) NOT NULL AUTO_INCREMENT, AUTO_INCREMENT=10;
--
-- AUTO_INCREMENT de la tabla `detalle_pedido`
--
ALTER TABLE `detalle_pedido`
  MODIFY `id` bigint(20) NOT NULL AUTO_INCREMENT;
--
-- AUTO_INCREMENT de la tabla `detalle_temp`
--
ALTER TABLE `detalle_temp`
  MODIFY `id` bigint(20) NOT NULL AUTO_INCREMENT;
--
-- AUTO_INCREMENT de la tabla `imagen`
--
ALTER TABLE `imagen`
  MODIFY `id` bigint(20) NOT NULL AUTO_INCREMENT, AUTO_INCREMENT=23;
--
-- AUTO_INCREMENT de la tabla `modulo`
--
ALTER TABLE `modulo`
  MODIFY `idmodulo` bigint(20) NOT NULL AUTO_INCREMENT, AUTO_INCREMENT=7;
--
-- AUTO_INCREMENT de la tabla `pedido`
--
ALTER TABLE `pedido`
  MODIFY `idpedido` bigint(20) NOT NULL AUTO_INCREMENT;
--
-- AUTO_INCREMENT de la tabla `permisos`
--
ALTER TABLE `permisos`
  MODIFY `idpermiso` bigint(20) NOT NULL AUTO_INCREMENT, AUTO_INCREMENT=608;
--
-- AUTO_INCREMENT de la tabla `persona`
--
ALTER TABLE `persona`
  MODIFY `idpersona` bigint(20) NOT NULL AUTO_INCREMENT, AUTO_INCREMENT=21;
--
-- AUTO_INCREMENT de la tabla `producto`
--
ALTER TABLE `producto`
  MODIFY `idproducto` bigint(20) NOT NULL AUTO_INCREMENT, AUTO_INCREMENT=14;
--
-- AUTO_INCREMENT de la tabla `rol`
--
ALTER TABLE `rol`
  MODIFY `idrol` bigint(20) NOT NULL AUTO_INCREMENT, AUTO_INCREMENT=11;
--
-- Restricciones para tablas volcadas
--

--
-- Filtros para la tabla `detalle_pedido`
--
ALTER TABLE `detalle_pedido`
  ADD CONSTRAINT `detalle_pedido_ibfk_1` FOREIGN KEY (`pedidoid`) REFERENCES `pedido` (`idpedido`) ON DELETE CASCADE ON UPDATE CASCADE,
  ADD CONSTRAINT `detalle_pedido_ibfk_2` FOREIGN KEY (`productoid`) REFERENCES `producto` (`idproducto`) ON DELETE CASCADE ON UPDATE CASCADE;

--
-- Filtros para la tabla `detalle_temp`
--
ALTER TABLE `detalle_temp`
  ADD CONSTRAINT `detalle_temp_ibfk_1` FOREIGN KEY (`productoid`) REFERENCES `producto` (`idproducto`) ON DELETE CASCADE ON UPDATE CASCADE;

--
-- Filtros para la tabla `imagen`
--
ALTER TABLE `imagen`
  ADD CONSTRAINT `imagen_ibfk_1` FOREIGN KEY (`productoid`) REFERENCES `producto` (`idproducto`) ON DELETE CASCADE ON UPDATE CASCADE;

--
-- Filtros para la tabla `pedido`
--
ALTER TABLE `pedido`
  ADD CONSTRAINT `pedido_ibfk_1` FOREIGN KEY (`personaid`) REFERENCES `persona` (`idpersona`) ON DELETE CASCADE ON UPDATE CASCADE;

--
-- Filtros para la tabla `permisos`
--
ALTER TABLE `permisos`
  ADD CONSTRAINT `permisos_ibfk_1` FOREIGN KEY (`rolid`) REFERENCES `rol` (`idrol`) ON DELETE CASCADE ON UPDATE CASCADE,
  ADD CONSTRAINT `permisos_ibfk_2` FOREIGN KEY (`moduloid`) REFERENCES `modulo` (`idmodulo`) ON DELETE CASCADE ON UPDATE CASCADE;

--
-- Filtros para la tabla `persona`
--
ALTER TABLE `persona`
  ADD CONSTRAINT `persona_ibfk_1` FOREIGN KEY (`rolid`) REFERENCES `rol` (`idrol`) ON DELETE CASCADE ON UPDATE CASCADE;

--
-- Filtros para la tabla `producto`
--
ALTER TABLE `producto`
  ADD CONSTRAINT `producto_ibfk_1` FOREIGN KEY (`categoriaid`) REFERENCES `categoria` (`idcategoria`) ON DELETE CASCADE ON UPDATE CASCADE;
COMMIT;

/*!40101 SET CHARACTER_SET_CLIENT=@OLD_CHARACTER_SET_CLIENT */;
/*!40101 SET CHARACTER_SET_RESULTS=@OLD_CHARACTER_SET_RESULTS */;
/*!40101 SET COLLATION_CONNECTION=@OLD_COLLATION_CONNECTION */;
